CREATE TABLE message (id_mes SERIAL NOT NULL, contenu varchar(255) NOT NULL, score int4 NOT NULL, "date" date NOT NULL, id_sujet int4 NOT NULL, id_utilisateur int4 NOT NULL, PRIMARY KEY (id_mes));
CREATE TABLE Sujet (id_sujet SERIAL NOT NULL, description varchar(255) NOT NULL, score int4 NOT NULL, "date" date NOT NULL, id_conf int4 NOT NULL, id_utilisateur int4 NOT NULL, id_jeux int4, PRIMARY KEY (id_sujet));
CREATE TABLE Configuration (id_configuration SERIAL NOT NULL, Nom varchar(255) NOT NULL, id_cg int4 NOT NULL, id_proc int4 NOT NULL, id_mem int4 NOT NULL, PRIMARY KEY (id_configuration));
CREATE TABLE Carte_Graphique (id_carte_graphique SERIAL NOT NULL, nom varchar(255) NOT NULL, memoire varchar(255) NOT NULL, generation varchar(255) NOT NULL, PRIMARY KEY (id_carte_graphique));
CREATE TABLE Processeur (id_processeur SERIAL NOT NULL, nom varchar(255) NOT NULL, generation int4 NOT NULL, cadence numeric(2, 1) NOT NULL, PRIMARY KEY (id_processeur));
CREATE TABLE Memoire (id_memoire SERIAL NOT NULL, nom varchar(255) NOT NULL, capacite int4 NOT NULL, version varchar(255) NOT NULL, PRIMARY KEY (id_memoire));
CREATE TABLE Utilisateur (id_utilisateur SERIAL NOT NULL, mail varchar(255) NOT NULL, mdp varchar(255) NOT NULL, PRIMARY KEY (id_utilisateur));
CREATE TABLE Jeux (id_jeux SERIAL NOT NULL, Nom varchar(255) NOT NULL, annee date, PRIMARY KEY (id_jeux));
CREATE TABLE Jeux_Configuration (id_jeux int4 NOT NULL, id_configuration int4 NOT NULL, marqueur varchar(1) NOT NULL, PRIMARY KEY (id_jeux, id_configuration));
CREATE TABLE Utilisateur_Configuration (id_utilisateur int4 NOT NULL, id_configuration int4 NOT NULL, PRIMARY KEY (id_utilisateur, id_configuration));
ALTER TABLE message ADD CONSTRAINT FKmessage390897 FOREIGN KEY (id_sujet) REFERENCES Sujet (id_sujet);
ALTER TABLE Sujet ADD CONSTRAINT FKSujet528373 FOREIGN KEY (id_conf) REFERENCES Configuration (id_configuration);
ALTER TABLE Configuration ADD CONSTRAINT FKConfigurat777349 FOREIGN KEY (id_cg) REFERENCES Carte_Graphique (id_carte_graphique);
ALTER TABLE Configuration ADD CONSTRAINT FKConfigurat530924 FOREIGN KEY (id_proc) REFERENCES Processeur (id_processeur);
ALTER TABLE Configuration ADD CONSTRAINT FKConfigurat315647 FOREIGN KEY (id_mem) REFERENCES Memoire (id_memoire);
ALTER TABLE Sujet ADD CONSTRAINT FKSujet850779 FOREIGN KEY (id_utilisateur) REFERENCES Utilisateur (id_utilisateur);
ALTER TABLE Sujet ADD CONSTRAINT FKSujet391474 FOREIGN KEY (id_jeux) REFERENCES Jeux (id_jeux);
ALTER TABLE message ADD CONSTRAINT FKmessage693625 FOREIGN KEY (id_utilisateur) REFERENCES Utilisateur (id_utilisateur);
ALTER TABLE Jeux_Configuration ADD CONSTRAINT FKJeux_Confi701430 FOREIGN KEY (id_jeux) REFERENCES Jeux (id_jeux);
ALTER TABLE Jeux_Configuration ADD CONSTRAINT FKJeux_Confi585180 FOREIGN KEY (id_configuration) REFERENCES Configuration (id_configuration);
ALTER TABLE Utilisateur_Configuration ADD CONSTRAINT FKUtilisateu968140 FOREIGN KEY (id_utilisateur) REFERENCES Utilisateur (id_utilisateur);
ALTER TABLE Utilisateur_Configuration ADD CONSTRAINT FKUtilisateu666715 FOREIGN KEY (id_configuration) REFERENCES Configuration (id_configuration);

INSERT INTO utilisateur (mail, mdp) VALUES('user@test.com', 'test');

INSERT INTO jeux (nom, annee) VALUES('Bioshock', '2011-01-01'); INSERT INTO jeux (nom, annee) VALUES('Red Dead Redemption 2', '2018-01-01');

INSERT INTO memoire (nom, capacite, "version") VALUES('Kingston', 8, 'DDR4'); INSERT INTO memoire (nom, capacite, "version") VALUES('Hypex', 16, 'DDR3'); INSERT INTO memoire (nom, capacite, "version") VALUES('Corsair', 32, 'DDR4'); INSERT INTO memoire (nom, capacite, "version") VALUES('MSI', 4, 'DDR4'); INSERT INTO memoire (nom, capacite, "version") VALUES('ASUS', 8, 'DDDR3'); 

INSERT INTO carte_graphique (nom, memoire, generation) VALUES('GTX 1080', '8', 'GDDR5'); INSERT INTO carte_graphique ( nom, memoire, generation) VALUES('GTX 2080', '16', 'GDDR5'); INSERT INTO carte_graphique ( nom, memoire, generation) VALUES('HD RADEON 7750', '8', 'GDDR5'); INSERT INTO carte_graphique ( nom, memoire, generation) VALUES('HD RADEON 7800', '16', 'GDDR5'); INSERT INTO carte_graphique ( nom, memoire, generation) VALUES('GTX 780 TI', '8', 'GDDR5');

INSERT INTO processeur ( nom, generation, cadence) VALUES('Intel i2 v1', 2, 4.0); INSERT INTO processeur ( nom, generation, cadence) VALUES('AMD v51', 5, 3.2); INSERT INTO processeur ( nom, generation, cadence) VALUES('Intel i3', 3, 0.8); INSERT INTO processeur ( nom, generation, cadence) VALUES('AMD v4', 4, 1.0); INSERT INTO processeur ( nom, generation, cadence) VALUES('Intel i2 v2', 2, 4.3);

INSERT INTO configuration (nom, id_cg, id_proc, id_mem) VALUES('commodo', 1, 3, 2); INSERT INTO configuration (nom, id_cg, id_proc, id_mem) VALUES('fugiat nulla pariatur', 5, 1, 4); INSERT INTO configuration (nom, id_cg, id_proc, id_mem) VALUES('ulpa', 3, 3, 2); INSERT INTO configuration (nom, id_cg, id_proc, id_mem) VALUES('henderit', 5, 1, 2); INSERT INTO configuration (nom, id_cg, id_proc, id_mem) VALUES('aliquip', 3, 2, 2);

INSERT INTO utilisateur_configuration (id_utilisateur, id_configuration) VALUES(1, 5); INSERT INTO utilisateur_configuration (id_utilisateur, id_configuration) VALUES(1, 4);

INSERT INTO jeux_configuration (id_jeux, id_configuration, marqueur) VALUES(1, 1, 'm'); INSERT INTO jeux_configuration (id_jeux, id_configuration, marqueur) VALUES(1, 3, 'r'); INSERT INTO jeux_configuration (id_jeux, id_configuration, marqueur) VALUES(2, 3, 'm'); INSERT INTO jeux_configuration (id_jeux, id_configuration, marqueur) VALUES(2, 4, 'r');

INSERT INTO sujet (id_sujet, description, score, "date", id_conf, id_utilisateur, id_jeux) VALUES(1, 'a deserunt mollit anim id est laborum.Lorem', 11, '1946-02-16', 5, 1, 2); INSERT INTO sujet (id_sujet, description, score, "date", id_conf, id_utilisateur, id_jeux) VALUES(2, 'consectetur adipiscing elit, sed do eiusmod tempor incididunt ut labore et dolore magna aliqua. U', 30, '1948-11-12', 3, 1, 2); INSERT INTO sujet (id_sujet, description, score, "date", id_conf, id_utilisateur, id_jeux) VALUES(3, 'id est laborum.Lorem ipsum dolor sit amet, consectetur adipiscing e', 70, '1949-09-04', 1, 1, 1); INSERT INTO sujet (id_sujet, description, score, "date", id_conf, id_utilisateur, id_jeux) VALUES(4, ' ex', -5, '2037-04-18', 2, 1, 1); INSERT INTO sujet (id_sujet, description, score, "date", id_conf, id_utilisateur, id_jeux) VALUES(5, ' cillum dolore eu fugiat nulla pariatur. Except', 10, '2012-04-28', 1, 1, 1); 

INSERT INTO message (id_mes, contenu, score, "date", id_sujet, id_utilisateur) VALUES(1, 'ex ea commodo consequat. Duis aute irure dolor in reprehenderit i', 50, '1955-05-24', 1, 1); INSERT INTO message (id_mes, contenu, score, "date", id_sujet, id_utilisateur) VALUES(2, 'eiusmod tempor incididunt ut lab', 20, '1945-06-16', 1, 1); INSERT INTO message (id_mes, contenu, score, "date", id_sujet, id_utilisateur) VALUES(3, ' cillum dolore eu fugiat nulla pariatur. Excepteur sint occaecat cupidatat non proident, sunt in ', 45, '1992-12-23', 1, 1); INSERT INTO message (id_mes, contenu, score, "date", id_sujet, id_utilisateur) VALUES(4, 'didunt ut labore et dolor', 10, '2025-03-29', 1, 1); INSERT INTO message (id_mes, contenu, score, "date", id_sujet, id_utilisateur) VALUES(5, 'ur. Excepte', 5, '1991-06-11', 1, 1); INSERT INTO message (id_mes, contenu, score, "date", id_sujet, id_utilisateur) VALUES(6, 'odo c', 10, '2008-06-08', 5, 1); INSERT INTO message (id_mes, contenu, score, "date", id_sujet, id_utilisateur) VALUES(7, 'erit in voluptate velit esse cillum dolore eu fugiat n', 100, '2014-10-29', 2, 1); INSERT INTO message (id_mes, contenu, score, "date", id_sujet, id_utilisateur) VALUES(8, 'ostrud exercitati', 58, '1947-08-04', 2, 1); INSERT INTO message (id_mes, contenu, score, "date", id_sujet, id_utilisateur) VALUES(9, 'dent, sunt in culpa qui officia deserunt mollit anim id est laborum.Lorem ipsum dolor', 96, '2004-12-19', 5, 1); INSERT INTO message (id_mes, contenu, score, "date", id_sujet, id_utilisateur) VALUES(10, 't. Duis aute irure dolor in', 5, '2025-05-26', 1, 1); INSERT INTO message (id_mes, contenu, score, "date", id_sujet, id_utilisateur) VALUES(11, 'nostrud exercitation ullamco laboris nis', 4, '1977-12-04', 4, 1); INSERT INTO message (id_mes, contenu, score, "date", id_sujet, id_utilisateur) VALUES(12, 'o eiusmod tempor incididunt ut labore et dol', 55, '1984-06-27', 4, 1); INSERT INTO message (id_mes, contenu, score, "date", id_sujet, id_utilisateur) VALUES(13, 'in reprehenderit in voluptate velit esse cillum dolore eu fugia', 15, '2021-01-03', 5, 1); INSERT INTO message (id_mes, contenu, score, "date", id_sujet, id_utilisateur) VALUES(14, 'o eiusmod tempor incididunt ut labore et d', 25, '1994-05-02', 1, 1); INSERT INTO message (id_mes, contenu, score, "date", id_sujet, id_utilisateur) VALUES(15, ' labore et dolore magna aliqua. Ut enim ad minim veniam, quis no', 22, '1990-12-17', 3, 1); INSERT INTO message (id_mes, contenu, score, "date", id_sujet, id_utilisateur) VALUES(16, 'ation ullamco laboris nisi ut aliquip ex ea commodo consequat. Duis ', -5, '1949-08-03', 5, 1); INSERT INTO message (id_mes, contenu, score, "date", id_sujet, id_utilisateur) VALUES(17, 'm, quis nostrud e', 30, '2021-02-05', 3, 1); INSERT INTO message (id_mes, contenu, score, "date", id_sujet, id_utilisateur) VALUES(18, 'nt mollit anim id est laborum.Lorem ipsum dolor sit amet, consectetur adipiscing elit, sed', 51, '1947-05-06', 1, 1); INSERT INTO message (id_mes, contenu, score, "date", id_sujet, id_utilisateur) VALUES(19, 'occaecat cupidatat non proident, sunt in culpa qui officia deserunt mollit ', 20, '2000-08-23', 4, 1); INSERT INTO message (id_mes, contenu, score, "date", id_sujet, id_utilisateur) VALUES(20, 'ccaecat cupidatat no', 544, '2020-04-12', 3, 1);


